Date,HomeTeam,AwayTeam,FTHG,FTAG,FTR,B365H,B365D,B365A,BWH,BWD,BWA,MaxH,MaxD,MaxA,AvgH,AvgD,AvgA,B365>2.5,B365<2.5,Max<2.5,Max>2.5,Avg<2.5,Avg>2.5,WeekDay,Season,HomePosition,AwayPosition,TotalGoals,FTRodds_feedback,Goalsodds_feedback,Day,Month,Year,Day_of_week,Temperature,Precipitation,WeatherCode,Weather
2022-08-13,Lecce,Inter,1,2,A,10.0,5.75,1.28,9.75,5.5,1.3,12.0,6.15,1.33,10.22,5.67,1.3,1.57,2.37,2.46,1.65,2.37,1.6,5,2022/2023,0,0,3.0,True,True,13,8,2022,Saturday,,,,Unknown
2022-08-20,Sassuolo,Lecce,1,0,H,1.75,4.0,4.2,1.8,3.9,4.1,1.84,4.2,4.55,1.79,3.99,4.24,1.61,2.3,2.39,1.69,2.29,1.63,5,2022/2023,0,2,1.0,True,False,20,8,2022,Saturday,,,,Unknown
2022-08-28,Lecce,Empoli,1,1,D,2.3,3.5,3.0,2.35,3.4,2.95,2.54,3.6,3.12,2.39,3.45,2.97,1.8,2.0,2.12,1.87,2.05,1.79,6,2022/2023,3,0,2.0,False,False,28,8,2022,Sunday,,,,Unknown
2022-08-31,Napoli,Lecce,1,1,D,1.25,6.25,11.0,1.27,6.0,10.0,1.29,6.7,13.0,1.26,6.24,10.99,1.44,2.75,2.88,1.49,2.74,1.45,2,2022/2023,0,4,2.0,False,False,31,8,2022,Wednesday,,,,Unknown
2022-09-05,Torino,Lecce,1,0,H,1.7,3.75,5.25,1.73,3.6,5.0,1.78,4.13,5.51,1.73,3.7,5.11,1.9,2.0,2.21,1.91,1.99,1.83,0,2022/2023,0,3,1.0,True,False,5,9,2022,Monday,,,,Unknown
2022-09-11,Lecce,Monza,1,1,D,2.25,3.4,3.2,2.25,3.4,3.2,2.4,3.46,3.31,2.3,3.35,3.21,2.02,1.88,1.91,2.04,1.84,1.97,6,2022/2023,3,0,2.0,False,True,11,9,2022,Sunday,,,,Unknown
2022-09-16,Salernitana,Lecce,1,2,A,2.25,3.3,3.3,2.2,3.3,3.25,2.3,3.46,3.57,2.25,3.33,3.37,2.06,1.84,1.88,2.07,1.81,2.01,4,2022/2023,0,3,3.0,False,False,16,9,2022,Friday,,,,Unknown
2022-10-02,Lecce,Cremonese,1,1,D,2.05,3.4,3.75,2.05,3.4,3.6,2.17,3.6,3.75,2.08,3.47,3.6,2.03,1.87,1.96,2.07,1.83,1.99,6,2022/2023,3,0,2.0,False,True,2,10,2022,Sunday,,,,Unknown
2022-10-09,Roma,Lecce,2,1,H,1.33,5.25,8.5,1.37,5.0,8.5,1.38,5.25,10.0,1.36,4.98,9.21,1.84,2.06,2.1,1.9,2.0,1.83,6,2022/2023,0,3,3.0,True,True,9,10,2022,Sunday,,,,Unknown
2022-10-17,Lecce,Fiorentina,1,1,D,3.75,3.4,2.05,3.6,3.4,2.05,4.1,3.45,2.15,3.83,3.32,2.07,2.1,1.72,1.79,2.2,1.72,2.13,0,2022/2023,1,0,2.0,False,True,17,10,2022,Monday,,,,Unknown
2022-10-23,Bologna,Lecce,2,0,H,2.15,3.2,3.75,2.2,3.2,3.4,2.25,3.4,3.79,2.19,3.21,3.62,2.2,1.66,1.72,2.29,1.67,2.21,6,2022/2023,0,1,2.0,True,True,23,10,2022,Sunday,,,,Unknown
2022-10-29,Lecce,Juventus,0,1,A,4.33,3.3,1.9,4.33,3.4,1.87,4.75,3.62,1.95,4.42,3.42,1.89,2.2,1.66,1.78,2.24,1.7,2.15,5,2022/2023,1,0,1.0,True,True,29,10,2022,Saturday,,,,Unknown
2022-11-04,Udinese,Lecce,1,1,D,1.61,3.9,5.5,1.63,3.8,5.5,1.72,4.04,6.0,1.65,3.85,5.66,1.99,1.91,1.96,2.0,1.88,1.94,4,2022/2023,0,1,2.0,False,True,4,11,2022,Friday,,,,Unknown
2022-11-09,Lecce,Atalanta,2,1,H,4.75,3.5,1.8,4.5,3.5,1.8,5.03,3.82,1.86,4.7,3.6,1.8,2.06,1.84,1.88,2.11,1.81,2.02,2,2022/2023,1,0,3.0,False,False,9,11,2022,Wednesday,,,,Unknown
2022-11-12,Sampdoria,Lecce,0,2,A,2.62,3.0,3.0,2.55,3.1,2.87,2.78,3.17,3.1,2.66,3.05,2.93,2.5,1.53,1.63,2.53,1.56,2.43,5,2022/2023,0,1,2.0,False,True,12,11,2022,Saturday,,,,Unknown
2023-01-04,Lecce,Lazio,2,1,H,3.6,3.3,2.05,3.7,3.2,2.1,3.91,3.44,2.2,3.72,3.26,2.13,2.3,1.62,1.7,2.38,1.63,2.3,2,2022/2023,1,0,3.0,False,False,4,1,2023,Wednesday,,,,Unknown
2023-01-08,Spezia,Lecce,0,0,D,2.6,3.1,2.9,2.55,3.1,2.85,2.72,3.23,3.1,2.62,3.08,2.95,2.2,1.67,1.75,2.28,1.69,2.2,6,2022/2023,0,1,0.0,False,True,8,1,2023,Sunday,,,,Unknown
2023-01-14,Lecce,Milan,2,2,D,5.75,3.8,1.62,5.5,4.0,1.6,6.2,4.15,1.68,5.82,3.95,1.61,2.03,1.87,1.88,2.07,1.84,1.99,5,2022/2023,1,0,4.0,False,False,14,1,2023,Saturday,,,,Unknown
2023-01-21,Verona,Lecce,2,0,H,2.38,3.1,3.2,2.37,3.1,3.2,2.51,3.2,3.47,2.41,3.05,3.31,2.38,1.57,1.66,2.43,1.6,2.35,5,2022/2023,0,1,2.0,True,True,21,1,2023,Saturday,,,,Unknown
2023-01-27,Lecce,Salernitana,1,2,A,1.8,3.4,4.75,1.88,3.4,4.33,1.88,3.68,5.01,1.83,3.51,4.74,2.2,1.67,1.77,2.23,1.72,2.15,4,2022/2023,1,20,3.0,False,False,27,1,2023,Friday,,,,Unknown
2023-02-04,Cremonese,Lecce,0,2,A,2.63,3.1,2.8,2.65,3.0,2.85,2.76,3.3,2.93,2.68,3.1,2.86,2.38,1.57,1.64,2.47,1.59,2.39,5,2022/2023,11,1,2.0,False,True,4,2,2023,Saturday,,,,Unknown
2023-02-11,Lecce,Roma,1,1,D,4.33,3.25,1.95,4.2,3.25,1.95,4.46,3.44,2.05,4.24,3.27,1.98,2.5,1.53,1.63,2.52,1.57,2.44,5,2022/2023,1,5,2.0,False,True,11,2,2023,Saturday,,,,Unknown
2023-02-19,Atalanta,Lecce,1,2,A,1.5,4.0,7.0,1.5,4.2,6.5,1.53,4.5,7.0,1.5,4.32,6.67,1.88,2.02,2.07,1.9,2.0,1.83,6,2022/2023,19,1,3.0,False,True,19,2,2023,Sunday,,,,Unknown
2023-02-25,Lecce,Sassuolo,0,1,A,2.45,3.25,2.9,2.45,3.2,2.95,2.64,3.3,3.07,2.54,3.18,2.96,2.1,1.73,1.79,2.22,1.73,2.13,5,2022/2023,1,3,1.0,False,True,25,2,2023,Saturday,,,,Unknown
2023-03-05,Inter,Lecce,2,0,H,1.36,4.75,9.5,1.35,4.8,9.25,1.39,5.2,10.0,1.36,4.89,9.29,1.94,1.96,2.0,1.96,1.94,1.88,6,2022/2023,2,1,2.0,True,False,5,3,2023,Sunday,,,,Unknown
2023-03-12,Lecce,Torino,0,2,A,3.0,3.0,2.63,2.95,2.95,2.6,3.05,3.16,2.75,2.98,2.99,2.67,2.75,1.44,1.5,2.8,1.47,2.7,6,2022/2023,1,4,2.0,True,True,12,3,2023,Sunday,,,,Unknown
2023-03-19,Fiorentina,Lecce,1,0,H,1.6,3.75,5.75,1.62,3.9,5.5,1.68,4.0,6.3,1.62,3.84,5.86,2.1,1.73,1.8,2.16,1.75,2.1,6,2022/2023,14,1,1.0,True,True,19,3,2023,Sunday,,,,Unknown
2023-04-03,Empoli,Lecce,1,0,H,2.45,3.1,3.1,2.35,3.1,3.2,2.59,3.3,3.22,2.47,3.11,3.12,2.38,1.57,1.65,2.45,1.6,2.35,0,2022/2023,9,1,1.0,True,True,3,4,2023,Monday,,,,Unknown
2023-04-07,Lecce,Napoli,1,2,A,5.75,3.6,1.65,5.5,3.6,1.66,6.2,3.81,1.71,5.78,3.67,1.68,2.2,1.67,1.75,2.25,1.69,2.18,4,2022/2023,1,12,3.0,True,False,7,4,2023,Friday,,,,Unknown
2023-04-16,Lecce,Sampdoria,1,1,D,1.95,3.2,4.33,1.95,3.25,4.2,2.0,3.35,4.6,1.96,3.26,4.36,2.38,1.57,1.62,2.47,1.58,2.4,6,2022/2023,1,20,2.0,False,True,16,4,2023,Sunday,,,,Unknown
2023-04-23,Milan,Lecce,2,0,H,1.5,4.2,7.0,1.5,4.0,7.0,1.53,4.33,7.65,1.5,4.14,7.26,2.1,1.73,1.8,2.17,1.75,2.09,6,2022/2023,17,1,2.0,True,True,23,4,2023,Sunday,,,,Unknown
2023-04-28,Lecce,Udinese,1,0,H,2.45,3.0,3.2,2.4,3.1,3.1,2.58,3.2,3.27,2.49,3.08,3.16,2.5,1.53,1.62,2.52,1.57,2.43,4,2022/2023,1,15,1.0,True,True,28,4,2023,Friday,,,,Unknown
2023-05-03,Juventus,Lecce,2,1,H,1.6,3.8,6.0,1.57,3.8,6.5,1.63,4.02,7.5,1.59,3.81,6.58,2.2,1.67,1.74,2.29,1.66,2.24,2,2022/2023,7,1,3.0,True,False,3,5,2023,Wednesday,,,,Unknown
2023-05-07,Lecce,Verona,0,1,A,2.2,3.0,3.75,2.15,3.1,3.6,2.27,3.25,3.9,2.2,3.12,3.67,2.5,1.53,1.6,2.6,1.55,2.48,6,2022/2023,1,9,1.0,False,True,7,5,2023,Sunday,,,,Unknown
2023-05-12,Lazio,Lecce,2,2,D,1.7,3.5,5.5,1.7,3.5,5.5,1.75,3.72,6.0,1.72,3.57,5.52,2.3,1.62,1.63,2.43,1.6,2.36,4,2022/2023,19,1,4.0,False,False,12,5,2023,Friday,,,,Unknown
2023-05-21,Lecce,Spezia,0,0,D,2.2,3.1,3.6,2.1,3.25,3.6,2.29,3.4,3.65,2.21,3.21,3.57,2.3,1.62,1.67,2.43,1.62,2.32,6,2022/2023,1,17,0.0,False,True,21,5,2023,Sunday,,,,Unknown
2023-05-28,Monza,Lecce,0,1,A,2.45,3.3,2.9,2.55,3.1,2.85,2.6,3.33,3.16,2.48,3.19,3.0,2.3,1.62,1.67,2.4,1.62,2.31,6,2022/2023,14,1,1.0,False,True,28,5,2023,Sunday,,,,Unknown
2023-06-04,Lecce,Bologna,2,3,A,2.75,3.5,2.45,2.7,3.25,2.6,2.85,3.56,2.63,2.76,3.37,2.58,1.99,1.94,1.95,1.99,1.88,1.93,6,2022/2023,1,7,5.0,True,False,4,6,2023,Sunday,,,,Unknown
2023-08-20,Lecce,Lazio,2,1,H,3.6,3.3,2.1,3.7,3.25,2.05,4.0,3.56,2.14,3.74,3.33,2.09,2.2,1.67,1.74,2.26,1.68,2.21,6,2023/2024,0,0,3.0,False,False,20,8,2023,Sunday,,,,Unknown
2023-08-27,Fiorentina,Lecce,2,2,D,1.57,4.2,5.75,,,,1.67,4.2,6.1,1.6,3.96,5.9,2.1,1.73,1.82,2.14,1.77,2.07,6,2023/2024,0,1,4.0,False,False,27,8,2023,Sunday,,,,Unknown
2023-09-03,Lecce,Salernitana,2,0,H,2.0,3.3,4.0,1.93,3.5,3.9,2.07,3.58,4.04,2.02,3.38,3.9,2.2,1.67,1.76,2.25,1.7,2.18,6,2023/2024,1,0,2.0,True,True,3,9,2023,Sunday,,,,Unknown
2023-09-17,Monza,Lecce,1,1,D,2.1,3.4,3.5,2.1,3.4,3.5,2.17,3.57,3.73,2.12,3.4,3.57,2.1,1.73,1.81,2.17,1.75,2.11,6,2023/2024,0,1,2.0,False,True,17,9,2023,Sunday,,,,Unknown
2023-09-22,Lecce,Genoa,1,0,H,2.45,3.2,3.1,2.45,3.1,3.1,2.54,3.22,3.32,2.46,3.11,3.17,2.3,1.62,1.65,2.51,1.6,2.37,4,2023/2024,1,0,1.0,True,True,22,9,2023,Friday,,,,Unknown
2023-09-26,Juventus,Lecce,1,0,H,1.5,4.2,7.0,1.5,4.2,6.75,1.53,4.53,8.0,1.5,4.27,7.05,1.96,1.94,2.0,1.99,1.92,1.91,1,2023/2024,0,1,1.0,True,False,26,9,2023,Tuesday,,,,Unknown
2023-09-30,Lecce,Napoli,0,4,A,4.75,3.8,1.75,4.4,3.7,1.78,5.03,3.95,1.8,4.73,3.8,1.76,2.01,1.89,1.94,2.02,1.87,1.95,5,2023/2024,1,0,4.0,True,False,30,9,2023,Saturday,,,,Unknown
2023-10-06,Lecce,Sassuolo,1,1,D,2.55,3.4,2.7,2.5,3.4,2.7,2.65,3.62,2.82,2.57,3.5,2.74,1.8,2.0,2.15,1.85,2.06,1.79,4,2023/2024,1,0,2.0,False,False,6,10,2023,Friday,,,,Unknown
2023-10-23,Udinese,Lecce,1,1,D,2.2,3.3,3.4,2.15,3.3,3.4,2.24,3.5,3.83,2.19,3.26,3.56,2.2,1.65,1.72,2.3,1.68,2.2,0,2023/2024,0,1,2.0,False,True,23,10,2023,Monday,,,,Unknown
2023-10-28,Lecce,Torino,0,1,A,2.75,3.0,2.8,2.65,3.0,2.8,2.85,3.12,2.94,2.77,3.02,2.85,2.5,1.5,1.57,2.66,1.53,2.54,5,2023/2024,1,0,1.0,False,True,28,10,2023,Saturday,,,,Unknown
2023-11-05,Roma,Lecce,2,1,H,1.57,3.8,6.5,1.57,3.9,6.0,1.61,4.1,6.8,1.57,3.93,6.35,2.1,1.7,1.76,2.2,1.72,2.14,6,2023/2024,0,1,3.0,True,False,5,11,2023,Sunday,,,,Unknown
2023-11-11,Lecce,Milan,2,2,D,5.0,3.6,1.75,4.75,3.5,1.78,5.33,3.86,1.78,5.08,3.68,1.74,2.08,1.73,1.8,2.19,1.75,2.1,5,2023/2024,1,0,4.0,False,False,11,11,2023,Saturday,,,,Unknown
2023-11-27,Verona,Lecce,2,2,D,2.75,3.0,2.88,2.55,3.1,2.9,2.77,3.23,3.05,2.7,3.01,2.94,2.5,1.5,1.58,2.64,1.54,2.51,0,2023/2024,0,1,4.0,False,False,27,11,2023,Monday,,,,Unknown
2023-12-03,Lecce,Bologna,1,1,D,3.0,3.2,2.45,3.0,3.2,2.45,3.19,3.37,2.58,3.05,3.17,2.5,2.2,1.65,1.71,2.35,1.65,2.26,6,2023/2024,1,0,2.0,False,True,3,12,2023,Sunday,,,,Unknown
2023-12-11,Empoli,Lecce,1,1,D,2.55,3.2,3.0,2.45,3.3,2.9,2.6,3.49,3.01,2.5,3.28,2.92,2.08,1.73,1.83,2.14,1.77,2.07,0,2023/2024,0,1,2.0,False,True,11,12,2023,Monday,,,,Unknown
2023-12-16,Lecce,Frosinone,2,1,H,2.15,3.3,3.5,2.15,3.4,3.4,2.21,3.58,3.62,2.15,3.41,3.5,2.08,1.82,1.88,2.08,1.83,2.02,5,2023/2024,1,0,3.0,True,False,16,12,2023,Saturday,,,,Unknown
2023-12-23,Inter,Lecce,2,0,H,1.22,7.0,11.0,1.22,6.5,13.0,1.25,7.0,17.0,1.23,6.48,13.23,1.65,2.2,2.35,1.74,2.25,1.66,5,2023/2024,0,1,2.0,True,False,23,12,2023,Saturday,,,,Unknown
2023-12-30,Atalanta,Lecce,1,0,H,1.4,4.6,8.0,1.44,4.4,7.5,1.48,4.75,9.0,1.44,4.56,7.76,1.92,1.98,2.0,1.96,1.95,1.89,5,2023/2024,0,1,1.0,True,False,30,12,2023,Saturday,,,,Unknown
2024-01-06,Lecce,Cagliari,1,1,D,2.2,3.25,3.4,2.2,3.3,3.3,2.27,3.48,3.55,2.22,3.32,3.42,2.2,1.65,1.74,2.28,1.69,2.2,5,2023/2024,1,0,2.0,False,True,6,1,2024,Saturday,,,,Unknown
2024-01-14,Lazio,Lecce,1,0,H,1.65,3.6,5.75,1.65,3.75,5.5,1.71,3.91,6.0,1.66,3.74,5.65,2.1,1.7,1.75,2.25,1.72,2.15,6,2023/2024,19,1,1.0,True,True,14,1,2024,Sunday,,,,Unknown
2024-01-21,Lecce,Juventus,0,3,A,6.0,3.5,1.65,5.75,3.4,1.7,6.5,3.82,1.71,5.95,3.64,1.65,2.35,1.57,1.66,2.42,1.59,2.36,6,2023/2024,1,2,3.0,True,False,21,1,2024,Sunday,,,,Unknown
2024-01-28,Genoa,Lecce,2,1,H,2.1,3.1,4.0,2.05,3.1,4.1,2.13,3.34,4.3,2.08,3.12,4.07,2.6,1.48,1.53,2.77,1.49,2.62,6,2023/2024,19,1,3.0,True,False,28,1,2024,Sunday,,,,Unknown
2024-02-02,Lecce,Fiorentina,3,2,H,3.75,3.2,2.1,3.6,3.25,2.1,3.87,3.42,2.18,3.71,3.3,2.13,2.15,1.67,1.75,2.25,1.7,2.18,4,2023/2024,1,6,5.0,False,False,2,2,2024,Friday,,,,Unknown
2024-02-11,Bologna,Lecce,4,0,H,1.73,3.6,5.25,1.72,3.6,5.25,1.76,3.78,5.8,1.71,3.59,5.36,2.2,1.65,1.71,2.33,1.66,2.25,6,2023/2024,15,1,4.0,True,False,11,2,2024,Sunday,,,,Unknown
2024-02-16,Torino,Lecce,2,0,H,1.8,3.4,4.75,1.83,3.4,4.6,1.87,3.62,5.17,1.82,3.44,4.9,2.25,1.62,1.68,2.48,1.62,2.33,4,2023/2024,4,1,2.0,True,True,16,2,2024,Friday,,,,Unknown
2024-02-25,Lecce,Inter,0,4,A,7.0,4.5,1.44,7.0,4.5,1.46,8.0,4.9,1.48,7.32,4.65,1.43,1.73,2.08,2.16,1.83,2.09,1.75,6,2023/2024,1,6,4.0,True,True,25,2,2024,Sunday,,,,Unknown
2024-03-03,Frosinone,Lecce,1,1,D,2.25,3.3,3.3,2.25,3.5,3.1,2.36,3.64,3.3,2.28,3.43,3.17,1.99,1.91,1.97,1.99,1.91,1.91,6,2023/2024,19,1,2.0,False,True,3,3,2024,Sunday,,,,Unknown
2024-03-10,Lecce,Verona,0,1,A,2.2,3.25,3.4,2.2,3.2,3.4,2.37,3.4,3.6,2.26,3.18,3.47,2.3,1.6,1.67,2.47,1.61,2.36,6,2023/2024,1,16,1.0,False,True,10,3,2024,Sunday,,,,Unknown
2024-03-16,Salernitana,Lecce,0,1,A,2.9,3.2,2.5,2.85,3.25,2.5,3.06,3.31,2.6,2.95,3.2,2.53,2.1,1.7,1.77,2.24,1.72,2.15,5,2023/2024,20,1,1.0,True,True,16,3,2024,Saturday,,,,Unknown
2024-04-01,Lecce,Roma,0,0,D,4.5,3.5,1.83,4.33,3.6,1.83,4.5,3.73,1.95,4.33,3.52,1.88,2.07,1.83,1.85,2.11,1.79,2.03,0,2023/2024,1,5,0.0,False,True,1,4,2024,Monday,,,,Unknown
2024-04-06,Milan,Lecce,3,0,H,1.36,4.75,8.5,1.37,5.0,8.25,1.4,5.4,10.0,1.37,5.06,8.71,1.7,2.1,2.2,1.79,2.13,1.73,5,2023/2024,16,1,3.0,True,True,6,4,2024,Saturday,,,,Unknown
2024-04-13,Lecce,Empoli,1,0,H,2.25,3.1,3.6,2.2,3.1,3.6,2.32,3.2,3.79,2.25,3.09,3.63,2.3,1.62,1.68,2.39,1.63,2.3,5,2023/2024,1,17,1.0,True,True,13,4,2024,Saturday,,,,Unknown
2024-04-21,Sassuolo,Lecce,0,3,A,2.3,3.3,3.2,2.3,3.4,3.1,2.38,3.58,3.31,2.32,3.37,3.15,2.0,1.9,1.91,2.04,1.87,1.96,6,2023/2024,15,1,3.0,False,False,21,4,2024,Sunday,,,,Unknown
2024-04-27,Lecce,Monza,1,1,D,2.0,3.25,4.0,2.05,3.3,3.75,2.15,3.35,4.2,2.05,3.27,3.97,2.2,1.67,1.73,2.29,1.67,2.22,5,2023/2024,1,14,2.0,False,True,27,4,2024,Saturday,,,,Unknown
2024-05-05,Cagliari,Lecce,1,1,D,2.15,3.2,3.75,2.15,3.2,3.6,2.22,3.42,3.84,2.16,3.22,3.63,2.2,1.67,1.74,2.27,1.68,2.2,6,2023/2024,18,1,2.0,False,True,5,5,2024,Sunday,,,,Unknown
2024-05-13,Lecce,Udinese,0,2,A,2.63,3.1,2.8,2.55,3.1,2.9,2.75,3.24,3.04,2.64,3.08,2.89,2.3,1.62,1.68,2.39,1.63,2.29,0,2023/2024,1,16,2.0,False,True,13,5,2024,Monday,,,,Unknown
2024-05-18,Lecce,Atalanta,0,2,A,4.5,3.8,1.75,4.33,3.7,1.8,4.75,3.95,1.82,4.56,3.8,1.78,1.91,1.99,2.01,1.94,1.95,1.88,5,2023/2024,1,8,2.0,True,False,18,5,2024,Saturday,,,,Unknown
2024-05-26,Napoli,Lecce,0,0,D,1.42,5.0,6.25,1.44,4.75,6.75,1.48,5.1,7.5,1.43,4.89,6.87,1.57,2.38,2.5,1.63,2.41,1.57,6,2023/2024,5,1,0.0,False,False,26,5,2024,Sunday,,,,Unknown
2024-08-19,Lecce,Atalanta,0,4,A,4.2,3.7,1.85,4.1,3.6,1.87,4.5,3.83,1.92,4.23,3.64,1.87,1.98,1.92,1.96,1.99,1.9,1.93,0,2024/2025,0,0,4.0,True,False,19,8,2024,Monday,,,,Unknown
2024-08-24,Inter,Lecce,2,0,H,1.2,7.0,13.0,1.21,6.75,13.5,1.22,7.75,17.0,1.2,6.95,14.52,1.57,2.38,2.48,1.64,2.39,1.58,5,2024/2025,0,2,2.0,True,False,24,8,2024,Saturday,,,,Unknown
2024-08-31,Lecce,Cagliari,1,0,H,2.25,3.2,3.4,2.2,3.2,3.4,2.35,3.35,3.55,2.28,3.2,3.4,2.3,1.62,1.65,2.46,1.61,2.35,5,2024/2025,3,0,1.0,True,True,31,8,2024,Saturday,,,,Unknown
2024-09-15,Torino,Lecce,0,0,D,1.8,3.5,4.75,1.82,3.4,4.75,1.91,3.56,5.2,1.84,3.4,4.8,2.3,1.62,1.64,2.46,1.6,2.37,6,2024/2025,0,3,0.0,False,True,15,9,2024,Sunday,,,,Unknown
2024-09-21,Lecce,Parma,2,2,D,2.2,3.5,3.25,2.25,3.4,3.1,2.25,3.66,3.5,2.2,3.47,3.32,1.91,1.99,1.99,1.98,1.94,1.89,5,2024/2025,3,0,4.0,False,True,21,9,2024,Saturday,,,,Unknown
2024-09-27,Milan,Lecce,3,0,H,1.33,5.75,8.0,1.35,5.5,8.0,1.35,5.87,9.55,1.33,5.58,8.96,1.5,2.63,2.63,1.56,2.52,1.52,4,2024/2025,0,3,3.0,True,True,27,9,2024,Friday,,,,Unknown
2024-10-05,Udinese,Lecce,1,0,H,2.2,3.3,3.3,2.2,3.25,3.3,2.3,3.48,3.55,2.24,3.3,3.39,2.1,1.73,1.78,2.22,1.72,2.15,5,2024/2025,0,2,1.0,True,True,5,10,2024,Saturday,,,,Unknown
2024-10-20,Lecce,Fiorentina,0,6,A,3.2,3.3,2.3,2.95,3.25,2.4,3.33,3.44,2.42,3.16,3.29,2.35,2.04,1.86,1.88,2.08,1.82,2.02,6,2024/2025,1,0,6.0,True,False,20,10,2024,Sunday,,,,Unknown
2024-10-26,Napoli,Lecce,1,0,H,1.25,6.0,12.0,1.31,5.5,9.75,1.32,6.0,12.0,1.29,5.62,10.86,1.73,2.1,2.2,1.8,2.12,1.74,5,2024/2025,0,1,1.0,True,False,26,10,2024,Saturday,,,,Unknown
2024-10-29,Lecce,Verona,1,0,H,2.25,3.25,3.25,2.37,3.1,3.1,2.38,3.33,3.45,2.32,3.21,3.32,2.2,1.67,1.71,2.32,1.67,2.24,1,2024/2025,1,0,1.0,True,True,29,10,2024,Tuesday,,,,Unknown
2024-11-02,Bologna,Lecce,1,0,H,1.62,3.5,6.5,1.63,3.7,5.75,1.76,3.87,6.5,1.66,3.69,5.87,2.2,1.67,1.74,2.29,1.68,2.22,5,2024/2025,0,1,1.0,True,True,2,11,2024,Saturday,,,,Unknown
2024-11-08,Lecce,Empoli,1,1,D,2.4,3.0,3.3,2.4,2.95,3.3,2.53,3.0,3.53,2.44,2.93,3.4,2.75,1.44,1.5,3.0,1.46,2.74,4,2024/2025,1,0,2.0,False,True,8,11,2024,Friday,,,,Unknown
2024-11-25,Venezia,Lecce,0,1,A,2.3,3.25,3.2,2.3,3.3,3.1,2.4,3.39,3.4,2.33,3.27,3.18,2.1,1.73,1.81,2.16,1.76,2.09,0,2024/2025,0,1,1.0,False,True,25,11,2024,Monday,,,,Unknown
2024-12-01,Lecce,Juventus,1,1,D,5.25,3.6,1.7,5.25,3.5,1.71,6.0,3.73,1.77,5.44,3.6,1.7,2.3,1.62,1.68,2.39,1.63,2.3,6,2024/2025,1,0,2.0,False,True,1,12,2024,Sunday,,,,Unknown
2024-12-07,Roma,Lecce,4,1,H,1.57,4.0,6.25,1.55,4.0,6.0,1.6,4.2,6.5,1.57,4.03,6.2,2.0,1.8,1.83,2.09,1.81,2.03,5,2024/2025,0,1,5.0,True,False,7,12,2024,Saturday,,,,Unknown
2024-12-15,Lecce,Monza,2,1,H,2.45,3.0,3.2,2.45,3.1,3.1,2.6,3.26,3.2,2.51,3.07,3.08,2.38,1.57,1.61,2.55,1.56,2.43,6,2024/2025,1,0,3.0,True,False,15,12,2024,Sunday,,,,Unknown
2024-12-21,Lecce,Lazio,1,2,A,5.0,3.6,1.73,4.6,3.6,1.77,5.25,3.75,1.81,4.93,3.62,1.75,2.0,1.8,1.85,2.14,1.78,2.04,5,2024/2025,1,0,3.0,True,False,21,12,2024,Saturday,,,,Unknown
2024-12-30,Como,Lecce,2,0,H,1.7,3.7,5.0,1.77,3.6,4.75,1.77,3.87,5.3,1.73,3.7,4.95,2.0,1.8,1.85,2.11,1.78,2.03,0,2024/2025,0,1,2.0,True,True,30,12,2024,Monday,,,,Unknown
2025-01-05,Lecce,Genoa,0,0,D,2.63,3.0,2.9,2.65,2.95,2.9,2.78,3.1,3.01,2.65,2.99,2.93,2.38,1.57,1.63,2.5,1.57,2.4,6,2024/2025,1,0,0.0,False,True,5,1,2025,Sunday,,,,Unknown
2025-01-11,Empoli,Lecce,1,3,A,2.0,3.1,4.33,2.05,3.1,4.0,2.12,3.25,4.33,2.04,3.12,4.13,2.5,1.53,1.6,2.55,1.55,2.45,5,2024/2025,13,1,4.0,False,False,11,1,2025,Saturday,,,,Unknown
2025-01-19,Cagliari,Lecce,4,1,H,1.95,3.3,4.1,1.93,3.4,4.0,1.99,3.66,4.25,1.95,3.44,4.03,2.05,1.85,1.88,2.1,1.82,2.0,6,2024/2025,20,1,5.0,True,False,19,1,2025,Sunday,,,,Unknown
2025-01-26,Lecce,Inter,0,4,A,9.5,5.25,1.33,8.75,5.25,1.34,11.0,5.58,1.37,9.16,5.27,1.33,1.67,2.2,2.33,1.71,2.24,1.65,6,2024/2025,1,3,4.0,True,True,26,1,2025,Sunday,,,,Unknown
2025-01-31,Parma,Lecce,1,3,A,2.15,3.4,3.5,2.15,3.3,3.4,2.22,3.52,3.64,2.15,3.4,3.45,1.86,2.04,2.07,1.9,1.99,1.84,4,2024/2025,12,1,4.0,False,True,31,1,2025,Friday,,,,Unknown
2025-02-09,Lecce,Bologna,0,0,D,4.2,3.5,1.91,4.33,3.3,1.9,4.75,3.61,1.95,4.34,3.42,1.9,2.2,1.67,1.72,2.34,1.66,2.24,6,2024/2025,1,8,0.0,False,True,9,2,2025,Sunday,,,,Unknown
2025-02-16,Monza,Lecce,0,0,D,2.7,3.2,2.7,,,,2.81,3.35,2.8,2.73,3.13,2.74,2.3,1.62,1.69,2.38,1.63,2.31,6,2024/2025,18,1,0.0,False,True,16,2,2025,Sunday,,,,Unknown
2025-02-21,Lecce,Udinese,0,1,A,3.0,3.0,2.6,,,,3.1,3.15,2.67,2.99,3.05,2.61,2.3,1.62,1.68,2.4,1.64,2.3,4,2024/2025,1,5,1.0,True,True,21,2,2025,Friday,,,,Unknown
2025-02-28,Fiorentina,Lecce,1,0,H,1.75,3.4,5.0,,,,1.84,3.87,5.34,1.8,3.51,4.93,2.3,1.62,1.82,2.35,1.65,2.27,4,2024/2025,6,1,1.0,True,True,28,2,2025,Friday,,,,Unknown
2025-03-08,Lecce,Milan,2,3,A,4.75,3.6,1.75,,,,4.9,3.81,1.82,4.64,3.69,1.78,1.88,2.02,2.05,1.9,1.99,1.84,5,2024/2025,1,5,5.0,True,True,8,3,2025,Saturday,,,,Unknown
2025-03-14,Genoa,Lecce,2,1,H,2.15,2.9,4.2,,,,2.18,3.15,4.4,2.11,2.99,4.22,2.63,1.5,1.51,2.75,1.48,2.65,4,2024/2025,17,1,3.0,True,False,14,3,2025,Friday,,,,Unknown
2025-03-29,Lecce,Roma,0,1,A,4.75,3.5,1.75,,,,5.15,3.63,1.83,4.84,3.52,1.78,2.2,1.67,1.78,2.21,1.7,2.15,5,2024/2025,1,9,1.0,True,True,29,3,2025,Saturday,,,,Unknown
2025-04-06,Lecce,Venezia,1,1,D,2.3,3.1,3.4,,,,2.41,3.3,3.53,2.33,3.06,3.41,2.3,1.62,1.66,2.42,1.61,2.33,6,2024/2025,1,19,2.0,False,True,6,4,2025,Sunday,,,,Unknown
2025-04-12,Juventus,Lecce,2,1,H,1.33,4.5,10.0,,,,1.35,5.35,11.2,1.33,4.92,10.05,1.95,1.95,1.97,1.97,1.91,1.91,5,2024/2025,17,1,3.0,True,True,12,4,2025,Saturday,,,,Unknown
2025-04-19,Lecce,Como,0,3,A,3.75,3.3,2.05,,,,3.85,3.61,2.15,3.67,3.37,2.07,2.1,1.73,1.81,2.17,1.75,2.09,5,2024/2025,1,11,3.0,True,False,19,4,2025,Saturday,,,,Unknown
2025-04-27,Atalanta,Lecce,1,1,D,1.25,6.0,11.0,,,,1.25,7.01,14.8,1.23,6.32,12.23,1.57,2.38,2.49,1.63,2.41,1.56,6,2024/2025,6,1,2.0,False,False,27,4,2025,Sunday,,,,Unknown
2025-05-03,Lecce,Napoli,0,1,A,7.0,3.8,1.55,,,,7.0,4.28,1.59,6.55,4.08,1.53,2.0,1.8,1.97,2.08,1.81,2.01,5,2024/2025,1,8,1.0,True,True,3,5,2025,Saturday,,,,Unknown
2025-05-11,Verona,Lecce,1,1,D,2.15,3.0,3.75,,,,2.45,3.15,4.0,2.22,3.03,3.72,2.2,1.67,1.7,2.4,1.64,2.25,6,2024/2025,20,1,2.0,False,True,11,5,2025,Sunday,,,,Unknown
2020-09-19,Fiorentina,Torino,1,0,H,1.83,3.75,4.2,1.91,3.7,3.9,1.94,3.85,4.6,1.87,3.69,4.13,1.8,2.0,2.1,1.9,2.02,1.81,5,2020/2021,0,0,1.0,True,False,19,9,2020,Saturday,,,,Unknown
2020-09-26,Torino,Atalanta,2,4,A,4.75,4.4,1.61,4.6,4.25,1.67,5.25,4.6,1.76,4.84,4.25,1.65,1.57,2.37,2.55,1.59,2.41,1.56,5,2020/2021,2,0,6.0,True,True,26,9,2020,Saturday,,,,Unknown
2020-10-18,Torino,Cagliari,2,3,A,2.1,3.5,3.4,2.15,3.4,3.4,2.25,3.55,3.5,2.19,3.44,3.33,1.9,1.9,2.01,1.93,1.94,1.86,6,2020/2021,3,0,5.0,False,True,18,10,2020,Sunday,,,,Unknown
2020-10-23,Sassuolo,Torino,3,3,D,1.66,4.33,4.5,1.67,4.33,4.6,1.78,4.46,4.8,1.71,4.28,4.42,1.44,2.75,2.86,1.48,2.7,1.45,4,2020/2021,0,4,6.0,False,True,23,10,2020,Friday,,,,Unknown
2020-11-01,Torino,Lazio,3,4,A,3.6,3.8,1.9,2.6,3.7,2.55,2.64,3.78,2.77,2.52,3.6,2.66,1.61,2.3,2.39,1.69,2.27,1.63,6,2020/2021,5,0,7.0,False,True,1,11,2020,Sunday,,,,Unknown
2020-11-04,Genoa,Torino,1,2,A,2.35,3.5,2.8,2.4,3.5,2.85,2.49,3.67,2.99,2.4,3.51,2.89,1.8,2.0,2.11,1.85,2.03,1.79,2,2020/2021,0,6,3.0,False,True,4,11,2020,Wednesday,,,,Unknown
2020-11-08,Torino,Crotone,0,0,D,1.95,3.75,3.6,2.05,3.6,3.5,2.12,3.82,3.82,2.01,3.64,3.61,1.72,2.1,2.25,1.78,2.13,1.72,6,2020/2021,5,0,0.0,False,False,8,11,2020,Sunday,,,,Unknown
2020-11-22,Inter,Torino,4,2,H,1.33,5.75,8.0,1.35,5.5,8.0,1.4,6.0,8.7,1.34,5.53,8.04,1.4,3.0,3.15,1.42,2.9,1.4,6,2020/2021,0,4,6.0,True,True,22,11,2020,Sunday,,,,Unknown
2020-11-30,Torino,Sampdoria,2,2,D,2.5,3.5,2.75,2.5,3.5,2.75,2.66,3.7,2.87,2.53,3.46,2.73,1.72,2.1,2.24,1.77,2.13,1.7,0,2020/2021,4,0,4.0,False,True,30,11,2020,Monday,,,,Unknown
2020-12-05,Juventus,Torino,2,1,H,1.4,5.0,7.0,1.4,5.0,7.25,1.46,5.25,8.5,1.4,4.95,7.38,1.53,2.5,2.63,1.56,2.51,1.52,5,2020/2021,0,3,3.0,True,True,5,12,2020,Saturday,,,,Unknown
2020-12-12,Torino,Udinese,2,3,A,2.9,3.25,2.5,2.8,3.4,2.5,2.97,3.4,2.67,2.86,3.27,2.54,1.9,1.9,1.94,2.01,1.87,1.93,5,2020/2021,2,0,5.0,True,False,12,12,2020,Saturday,,,,Unknown
2020-12-17,Roma,Torino,3,1,H,1.4,5.0,6.5,1.44,4.75,7.0,1.47,5.38,7.5,1.42,5.01,6.75,1.4,3.0,3.1,1.43,2.9,1.4,3,2020/2021,0,1,4.0,True,True,17,12,2020,Thursday,,,,Unknown
2020-12-20,Torino,Bologna,1,1,D,2.6,3.5,2.6,2.65,3.5,2.6,2.74,3.68,2.71,2.62,3.5,2.62,1.66,2.2,2.29,1.73,2.19,1.68,6,2020/2021,1,0,2.0,False,False,20,12,2020,Sunday,,,,Unknown
2020-12-23,Napoli,Torino,1,1,D,1.36,5.25,8.0,1.35,5.25,8.5,1.39,5.75,9.0,1.35,5.31,8.25,1.5,2.62,2.7,1.53,2.6,1.49,2,2020/2021,0,1,2.0,False,False,23,12,2020,Wednesday,,,,Unknown
2021-01-03,Parma,Torino,0,3,A,2.75,3.2,2.6,2.9,3.1,2.6,3.0,3.3,2.72,2.85,3.19,2.6,1.8,2.0,2.14,1.87,2.03,1.78,6,2020/2021,0,1,3.0,True,True,3,1,2021,Sunday,,,,Unknown
2021-01-06,Torino,Verona,1,1,D,2.5,3.3,2.75,2.55,3.3,2.85,2.74,3.48,2.9,2.6,3.31,2.78,2.0,1.8,1.89,2.06,1.82,2.0,2,2020/2021,1,0,2.0,False,True,6,1,2021,Wednesday,,,,Unknown
2021-01-09,Milan,Torino,2,0,H,1.61,3.9,5.5,1.65,3.75,5.5,1.7,4.1,5.93,1.65,3.89,5.42,1.72,2.1,2.31,1.77,2.16,1.7,5,2020/2021,0,1,2.0,True,False,9,1,2021,Saturday,,,,Unknown
2021-01-16,Torino,Spezia,0,0,D,2.0,3.5,3.75,2.0,3.3,3.9,2.12,3.58,4.24,2.01,3.39,3.92,1.9,1.9,2.03,1.93,1.94,1.87,5,2020/2021,1,0,0.0,False,False,16,1,2021,Saturday,,,,Unknown
2021-01-22,Benevento,Torino,2,2,D,2.8,3.2,2.6,2.85,3.2,2.6,2.96,3.36,2.72,2.85,3.23,2.59,1.9,1.9,1.92,2.05,1.85,1.96,4,2020/2021,0,1,4.0,False,False,22,1,2021,Friday,,,,Unknown
2021-01-29,Torino,Fiorentina,1,1,D,2.7,3.25,2.62,2.65,3.2,2.8,2.8,3.35,2.86,2.72,3.2,2.74,2.2,1.66,1.77,2.26,1.7,2.16,4,2020/2021,1,2,2.0,False,True,29,1,2021,Friday,,,,Unknown
2021-02-06,Atalanta,Torino,3,3,D,1.4,5.0,7.0,1.42,5.0,7.0,1.49,5.13,8.08,1.43,4.87,6.97,1.53,2.5,2.63,1.57,2.48,1.53,5,2020/2021,3,1,6.0,False,True,6,2,2021,Saturday,,,,Unknown
2021-02-13,Torino,Genoa,0,0,D,1.9,3.4,4.2,2.0,3.2,4.2,2.07,3.42,4.43,1.99,3.27,4.14,2.0,1.8,1.85,2.1,1.78,2.03,5,2020/2021,1,19,0.0,False,True,13,2,2021,Saturday,,,,Unknown
2021-02-19,Cagliari,Torino,0,1,A,2.87,3.3,2.45,2.85,3.3,2.5,2.96,3.38,2.71,2.87,3.26,2.56,2.1,1.72,1.87,2.16,1.78,2.04,4,2020/2021,4,1,1.0,True,True,19,2,2021,Friday,,,,Unknown
2021-03-07,Crotone,Torino,4,2,H,3.6,3.4,2.05,3.7,3.3,2.1,4.0,3.55,2.16,3.76,3.36,2.07,2.04,1.86,1.84,2.13,1.78,2.04,6,2020/2021,12,1,6.0,False,False,7,3,2021,Sunday,,,,Unknown
2021-03-14,Torino,Inter,1,2,A,8.0,5.0,1.36,7.75,4.75,1.4,9.0,5.25,1.44,8.18,4.84,1.39,1.66,2.2,2.33,1.71,2.25,1.65,6,2020/2021,1,6,3.0,True,True,14,3,2021,Sunday,,,,Unknown
2021-03-17,Torino,Sassuolo,3,2,H,2.45,3.4,2.8,2.45,3.25,3.0,2.62,3.52,3.0,2.5,3.38,2.84,1.8,2.0,2.12,1.84,2.04,1.78,2,2020/2021,1,12,5.0,True,True,17,3,2021,Wednesday,,,,Unknown
2021-03-21,Sampdoria,Torino,1,0,H,2.37,3.3,3.0,2.5,3.2,2.95,2.58,3.32,3.1,2.48,3.23,2.96,2.0,1.8,1.91,2.06,1.82,1.98,6,2020/2021,13,1,1.0,True,True,21,3,2021,Sunday,,,,Unknown
2021-04-03,Torino,Juventus,2,2,D,6.0,4.5,1.5,6.25,4.5,1.5,7.25,4.7,1.57,6.21,4.38,1.52,1.66,2.2,2.39,1.71,2.26,1.64,5,2020/2021,1,7,4.0,False,True,3,4,2021,Saturday,,,,Unknown
2021-04-10,Udinese,Torino,0,1,A,2.4,3.3,3.0,2.4,3.25,3.1,2.46,3.43,3.39,2.38,3.23,3.16,2.2,1.66,1.76,2.24,1.7,2.15,5,2020/2021,8,1,1.0,False,True,10,4,2021,Saturday,,,,Unknown
2021-04-18,Torino,Roma,3,1,H,3.3,3.6,2.1,3.3,3.5,2.15,3.5,3.75,2.2,3.34,3.59,2.12,1.61,2.3,2.4,1.68,2.31,1.61,6,2020/2021,1,9,4.0,False,True,18,4,2021,Sunday,,,,Unknown
2021-04-21,Bologna,Torino,1,1,D,2.4,3.4,2.87,2.55,3.25,2.85,2.65,3.5,2.94,2.55,3.32,2.83,1.8,2.0,2.12,1.9,2.02,1.8,2,2020/2021,14,1,2.0,False,False,21,4,2021,Wednesday,,,,Unknown
2021-04-26,Torino,Napoli,0,2,A,4.75,3.75,1.72,4.33,4.0,1.75,4.75,4.16,1.81,4.4,3.96,1.76,1.72,2.1,2.26,1.76,2.16,1.7,0,2020/2021,1,15,2.0,True,False,26,4,2021,Monday,,,,Unknown
2021-05-03,Torino,Parma,1,0,H,1.57,4.33,5.25,1.57,4.4,5.25,1.65,4.54,5.75,1.59,4.32,5.4,1.53,2.5,2.55,1.64,2.43,1.56,0,2020/2021,1,20,1.0,True,False,3,5,2021,Monday,,,,Unknown
2021-05-09,Verona,Torino,1,1,D,3.0,3.3,2.35,3.0,3.4,2.35,3.11,3.56,2.49,3.02,3.42,2.36,1.8,2.0,2.06,1.9,1.98,1.84,6,2020/2021,16,1,2.0,False,False,9,5,2021,Sunday,,,,Unknown
2021-05-12,Torino,Milan,0,7,A,3.8,3.8,1.85,3.9,3.9,1.87,4.1,4.2,1.93,3.88,3.96,1.87,1.66,2.2,2.33,1.71,2.24,1.66,2,2020/2021,1,11,7.0,True,True,12,5,2021,Wednesday,,,,Unknown
2021-05-15,Spezia,Torino,4,1,H,3.3,2.9,2.45,3.2,2.95,2.5,3.4,3.44,2.56,3.24,3.0,2.46,1.8,2.0,2.09,1.88,2.03,1.8,5,2020/2021,17,1,5.0,False,True,15,5,2021,Saturday,,,,Unknown
2021-05-18,Lazio,Torino,0,0,D,2.05,3.25,3.8,2.05,3.3,3.9,2.21,3.51,4.2,2.11,3.25,3.77,1.66,2.2,2.33,1.72,2.23,1.66,1,2020/2021,6,1,0.0,False,False,18,5,2021,Tuesday,,,,Unknown
2021-05-23,Torino,Benevento,1,1,D,1.75,4.33,3.9,1.8,4.25,3.8,1.87,4.53,4.2,1.8,4.24,3.91,1.53,2.5,2.66,1.55,2.53,1.52,6,2020/2021,1,18,2.0,False,False,23,5,2021,Sunday,,,,Unknown
2021-08-21,Torino,Atalanta,1,2,A,5.5,4.33,1.55,5.0,4.25,1.62,5.75,4.48,1.65,5.43,4.23,1.6,1.57,2.37,2.52,1.61,2.43,1.57,5,2021/2022,0,0,3.0,True,True,21,8,2021,Saturday,,,,Unknown
2021-08-28,Fiorentina,Torino,2,1,H,2.2,3.4,3.25,2.2,3.4,3.3,2.3,3.59,3.51,2.21,3.45,3.31,1.8,2.0,2.08,1.87,2.03,1.81,5,2021/2022,0,2,3.0,True,True,28,8,2021,Saturday,,,,Unknown
2021-09-12,Torino,Salernitana,4,0,H,1.57,4.2,5.75,1.6,4.1,5.5,1.65,4.28,6.5,1.6,4.08,5.79,1.8,2.0,2.09,1.89,2.01,1.83,6,2021/2022,3,0,4.0,True,True,12,9,2021,Sunday,,,,Unknown
2021-09-17,Sassuolo,Torino,0,1,A,1.72,4.0,4.33,1.8,3.8,4.33,1.85,4.06,4.53,1.8,3.95,4.29,1.53,2.5,2.6,1.59,2.48,1.54,4,2021/2022,0,3,1.0,False,False,17,9,2021,Friday,,,,Unknown
2021-09-23,Torino,Lazio,1,1,D,3.25,3.5,2.15,3.3,3.4,2.2,3.6,3.6,2.27,3.34,3.44,2.2,1.72,2.1,2.24,1.77,2.17,1.7,3,2021/2022,3,0,2.0,False,False,23,9,2021,Thursday,,,,Unknown
2021-09-27,Venezia,Torino,1,1,D,3.6,3.5,2.05,3.6,3.4,2.1,3.7,3.6,2.17,3.54,3.48,2.11,1.9,1.9,2.05,1.95,1.96,1.87,0,2021/2022,0,1,2.0,False,False,27,9,2021,Monday,,,,Unknown
2021-10-02,Torino,Juventus,0,1,A,4.5,3.5,1.8,4.2,3.4,1.9,4.76,3.7,1.95,4.46,3.53,1.86,1.96,1.94,2.05,2.0,1.92,1.91,5,2021/2022,1,0,1.0,True,False,2,10,2021,Saturday,,,,Unknown
2021-10-17,Napoli,Torino,1,0,H,1.4,4.5,8.5,1.36,4.75,8.5,1.47,4.9,8.5,1.42,4.68,7.78,1.66,2.2,2.29,1.74,2.23,1.66,6,2021/2022,0,1,1.0,True,False,17,10,2021,Sunday,,,,Unknown
2021-10-22,Torino,Genoa,3,2,H,1.7,3.7,5.0,1.83,3.5,4.4,1.85,3.9,5.51,1.73,3.76,4.99,1.9,1.9,2.03,1.98,1.94,1.89,4,2021/2022,1,0,5.0,True,True,22,10,2021,Friday,,,,Unknown
2021-10-26,Milan,Torino,1,0,H,1.6,4.0,5.5,1.55,4.2,5.75,1.79,4.2,6.09,1.64,3.94,5.47,1.72,2.1,2.2,1.82,2.11,1.75,1,2021/2022,0,1,1.0,True,False,26,10,2021,Tuesday,,,,Unknown
2021-10-30,Torino,Sampdoria,3,0,H,1.9,3.75,3.8,1.9,3.7,3.9,1.98,3.88,4.11,1.92,3.67,3.93,1.72,2.1,2.2,1.83,2.09,1.75,5,2021/2022,1,0,3.0,True,True,30,10,2021,Saturday,,,,Unknown
2021-11-06,Spezia,Torino,1,0,H,3.6,3.6,2.0,3.6,3.5,2.0,3.75,3.72,2.12,3.56,3.56,2.07,1.72,2.1,2.14,1.85,2.07,1.77,5,2021/2022,0,1,1.0,False,False,6,11,2021,Saturday,,,,Unknown
2021-11-22,Torino,Udinese,2,1,H,2.05,3.4,3.7,2.05,3.25,3.8,2.2,3.52,4.0,2.09,3.32,3.74,2.2,1.66,1.75,2.27,1.7,2.16,0,2021/2022,1,0,3.0,True,False,22,11,2021,Monday,,,,Unknown
2021-11-28,Roma,Torino,1,0,H,1.72,4.0,4.5,1.66,4.1,4.6,1.76,4.2,5.25,1.71,3.98,4.69,1.8,2.0,2.12,1.86,2.04,1.78,6,2021/2022,0,1,1.0,True,False,28,11,2021,Sunday,,,,Unknown
2021-12-02,Torino,Empoli,2,2,D,1.72,3.8,4.75,1.73,3.8,4.5,1.83,3.88,5.02,1.77,3.7,4.69,1.9,2.03,2.05,1.91,1.98,1.83,3,2021/2022,1,0,4.0,False,True,2,12,2021,Thursday,,,,Unknown
2021-12-06,Cagliari,Torino,1,1,D,3.5,3.2,2.25,3.25,3.3,2.2,3.5,3.48,2.65,3.23,3.26,2.32,2.0,1.8,1.87,2.17,1.76,2.06,0,2021/2022,0,1,2.0,False,True,6,12,2021,Monday,,,,Unknown
2021-12-12,Torino,Bologna,2,1,H,2.2,3.25,3.5,2.3,3.3,3.1,2.36,3.4,3.55,2.28,3.23,3.37,2.1,1.72,1.82,2.14,1.77,2.07,6,2021/2022,1,0,3.0,True,False,12,12,2021,Sunday,,,,Unknown
2021-12-19,Torino,Verona,1,0,H,2.2,3.4,3.3,2.25,3.4,3.2,2.29,3.5,3.53,2.23,3.37,3.34,1.98,1.92,1.99,2.05,1.89,1.93,6,2021/2022,1,0,1.0,True,True,19,12,2021,Sunday,,,,Unknown
2021-12-22,Inter,Torino,1,0,H,1.3,5.5,10.0,1.3,5.5,10.0,1.38,5.8,11.0,1.33,5.41,9.5,1.57,2.37,2.45,1.7,2.34,1.62,2,2021/2022,0,1,1.0,True,False,22,12,2021,Wednesday,,,,Unknown
2022-01-10,Torino,Fiorentina,4,0,H,,,,,,,,,,,,,,,,,,,0,2021/2022,1,3,4.0,NA,NA,10,1,2022,Monday,,,,Unknown
2022-01-15,Sampdoria,Torino,1,2,A,3.0,3.2,2.45,2.87,3.1,2.55,3.2,3.35,2.62,3.03,3.22,2.46,2.03,1.87,1.89,2.09,1.83,2.0,5,2021/2022,19,1,3.0,True,False,15,1,2022,Saturday,,,,Unknown
2022-01-23,Torino,Sassuolo,1,1,D,2.1,3.6,3.3,2.05,3.5,3.5,2.2,3.7,3.71,2.12,3.55,3.42,1.66,2.2,2.36,1.73,2.22,1.67,6,2021/2022,1,18,2.0,False,False,23,1,2022,Sunday,,,,Unknown
2022-02-06,Udinese,Torino,2,0,H,3.1,3.3,2.37,3.0,3.3,2.37,3.23,3.39,2.54,3.08,3.25,2.42,2.1,1.72,1.8,2.19,1.73,2.12,6,2021/2022,17,1,2.0,False,True,6,2,2022,Sunday,,,,Unknown
2022-02-12,Torino,Venezia,1,2,A,1.5,4.2,7.0,1.47,4.4,6.5,1.54,4.54,8.0,1.5,4.26,6.98,1.91,1.99,2.03,1.94,1.94,1.88,5,2021/2022,1,10,3.0,False,True,12,2,2022,Saturday,,,,Unknown
2022-02-18,Juventus,Torino,1,1,D,1.57,3.75,6.5,1.63,3.7,5.75,1.74,3.9,6.8,1.64,3.73,6.16,2.1,1.72,1.83,2.2,1.75,2.11,4,2021/2022,4,1,2.0,False,True,18,2,2022,Friday,,,,Unknown
2022-02-27,Torino,Cagliari,1,2,A,1.65,3.8,5.5,1.63,3.6,6.25,1.72,4.0,6.48,1.67,3.68,5.79,2.01,1.89,1.93,2.04,1.87,1.96,6,2021/2022,1,13,3.0,False,False,27,2,2022,Sunday,,,,Unknown
2022-03-06,Bologna,Torino,0,0,D,2.8,3.2,2.5,2.75,3.1,2.65,2.91,3.32,2.85,2.81,3.18,2.68,2.07,1.83,1.85,2.12,1.8,2.04,6,2021/2022,17,1,0.0,False,True,6,3,2022,Sunday,,,,Unknown
2022-03-13,Torino,Inter,1,1,D,5.5,3.6,1.66,5.25,3.8,1.65,6.0,4.14,1.75,5.32,3.87,1.68,1.85,2.05,2.09,1.91,2.01,1.82,6,2021/2022,1,10,2.0,False,False,13,3,2022,Sunday,,,,Unknown
2022-03-18,Genoa,Torino,1,0,H,3.2,3.1,2.4,3.2,3.1,2.37,3.4,3.28,2.5,3.24,3.16,2.41,2.37,1.57,1.69,2.45,1.6,2.36,4,2021/2022,18,1,1.0,False,True,18,3,2022,Friday,,,,Unknown
2022-04-02,Salernitana,Torino,0,1,A,4.0,3.6,1.9,4.2,3.4,1.9,4.5,3.72,1.95,4.28,3.55,1.9,2.07,1.83,1.86,2.09,1.8,2.03,5,2021/2022,20,1,1.0,True,True,2,4,2022,Saturday,,,,Unknown
2022-04-10,Torino,Milan,0,0,D,4.2,3.5,1.9,4.1,3.4,1.93,4.4,3.72,2.05,4.19,3.51,1.94,2.1,1.72,1.81,2.22,1.75,2.11,6,2021/2022,1,6,0.0,False,True,10,4,2022,Sunday,,,,Unknown
2022-04-16,Lazio,Torino,1,1,D,1.65,3.8,5.5,1.62,3.75,5.75,1.71,4.1,6.0,1.64,3.92,5.54,2.04,1.86,1.96,2.04,1.86,1.97,5,2021/2022,12,1,2.0,False,True,16,4,2022,Saturday,,,,Unknown
2022-04-23,Torino,Spezia,2,1,H,1.66,3.6,5.5,1.68,3.75,5.0,1.72,4.0,5.75,1.69,3.77,5.33,2.04,1.86,1.87,2.11,1.82,2.01,5,2021/2022,1,7,3.0,True,False,23,4,2022,Saturday,,,,Unknown
2022-04-27,Atalanta,Torino,4,4,D,1.6,4.0,5.75,1.6,4.2,5.25,1.64,4.34,6.5,1.6,4.17,5.66,1.8,2.0,2.13,1.84,2.06,1.78,2,2021/2022,2,1,8.0,False,True,27,4,2022,Wednesday,,,,Unknown
2022-05-01,Empoli,Torino,1,3,A,2.7,3.4,2.55,2.65,3.4,2.55,2.91,3.7,2.72,2.77,3.45,2.55,1.83,2.07,2.11,1.89,2.02,1.81,6,2021/2022,14,1,4.0,True,True,1,5,2022,Sunday,,,,Unknown
2022-05-07,Torino,Napoli,0,1,A,3.6,3.5,2.05,3.5,3.5,2.05,3.7,3.81,2.1,3.56,3.64,2.05,1.8,2.0,2.11,1.85,2.05,1.79,5,2021/2022,1,5,1.0,True,False,7,5,2022,Saturday,,,,Unknown
2022-05-14,Verona,Torino,0,1,A,2.3,3.5,3.0,2.25,3.5,3.0,2.37,3.7,3.26,2.31,3.48,3.1,1.8,2.0,2.1,1.85,2.03,1.8,5,2021/2022,18,1,1.0,False,False,14,5,2022,Saturday,,,,Unknown
2022-05-20,Torino,Roma,0,3,A,3.3,3.6,2.1,3.4,3.5,2.05,3.62,3.86,2.15,3.43,3.63,2.11,1.72,2.1,2.18,1.8,2.12,1.75,4,2021/2022,1,9,3.0,True,True,20,5,2022,Friday,,,,Unknown
2022-08-13,Monza,Torino,1,2,A,2.6,3.3,2.75,2.55,3.25,2.8,2.68,3.48,2.94,2.58,3.29,2.84,2.1,1.72,1.84,2.21,1.76,2.09,5,2022/2023,0,0,3.0,False,False,13,8,2022,Saturday,,,,Unknown
2022-08-20,Torino,Lazio,0,0,D,3.0,3.5,2.3,3.0,3.5,2.3,3.12,3.55,2.43,2.99,3.45,2.38,1.92,1.98,2.05,1.93,1.95,1.87,5,2022/2023,1,0,0.0,False,False,20,8,2022,Saturday,,,,Unknown
2022-08-27,Cremonese,Torino,1,2,A,3.2,3.4,2.25,3.1,3.3,2.3,3.39,3.6,2.35,3.23,3.39,2.29,2.03,1.87,1.93,2.04,1.85,1.98,5,2022/2023,0,1,3.0,True,False,27,8,2022,Saturday,,,,Unknown
2022-09-01,Atalanta,Torino,3,1,H,1.72,3.75,5.25,1.68,4.0,4.6,1.76,4.3,5.36,1.71,3.94,4.95,1.72,2.1,2.26,1.8,2.17,1.7,3,2022/2023,0,1,4.0,True,True,1,9,2022,Thursday,,,,Unknown
2022-09-10,Inter,Torino,1,0,H,1.45,4.75,7.0,1.44,4.6,6.75,1.48,5.1,8.0,1.45,4.77,7.01,1.66,2.2,2.35,1.73,2.23,1.67,5,2022/2023,0,1,1.0,True,False,10,9,2022,Saturday,,,,Unknown
2022-09-17,Torino,Sassuolo,0,1,A,1.8,3.75,4.5,1.8,3.8,4.2,1.92,4.0,4.6,1.83,3.77,4.3,1.72,2.1,2.14,1.83,2.07,1.77,5,2022/2023,1,0,1.0,False,False,17,9,2022,Saturday,,,,Unknown
2022-10-01,Napoli,Torino,3,1,H,1.6,4.0,5.75,1.6,4.1,5.5,1.65,4.3,5.9,1.6,4.13,5.57,1.8,2.0,2.1,1.89,2.02,1.8,5,2022/2023,0,1,4.0,True,True,1,10,2022,Saturday,,,,Unknown
2022-10-09,Torino,Empoli,1,1,D,1.72,3.6,5.0,1.75,3.7,4.75,1.82,3.86,5.3,1.76,3.67,4.86,2.0,1.8,1.88,2.09,1.8,2.04,6,2022/2023,1,0,2.0,False,True,9,10,2022,Sunday,,,,Unknown
2022-10-15,Torino,Juventus,0,1,A,3.0,3.1,2.5,3.1,3.25,2.35,3.18,3.3,2.61,3.05,3.17,2.5,2.3,1.61,1.71,2.39,1.64,2.28,5,2022/2023,1,0,1.0,True,True,15,10,2022,Saturday,,,,Unknown
2022-10-23,Udinese,Torino,1,2,A,2.0,3.3,4.0,2.0,3.4,3.8,2.08,3.5,4.15,2.03,3.37,3.91,2.06,1.84,1.85,2.07,1.8,2.02,6,2022/2023,0,1,3.0,False,False,23,10,2022,Sunday,,,,Unknown
2022-10-30,Torino,Milan,2,1,H,3.75,3.3,2.1,3.5,3.3,2.1,3.86,3.52,2.18,3.63,3.33,2.12,2.1,1.72,1.83,2.23,1.72,2.13,6,2022/2023,1,0,3.0,False,False,30,10,2022,Sunday,,,,Unknown
2022-11-06,Bologna,Torino,2,1,H,3.0,3.1,2.5,2.95,3.2,2.5,3.18,3.38,2.57,3.05,3.13,2.51,2.3,1.61,1.7,2.35,1.64,2.28,6,2022/2023,0,1,3.0,False,False,6,11,2022,Sunday,,,,Unknown
2022-11-09,Torino,Sampdoria,2,0,H,1.61,3.8,5.75,1.61,3.8,5.75,1.69,3.97,6.2,1.63,3.81,5.88,2.1,1.72,1.8,2.19,1.74,2.12,2,2022/2023,1,0,2.0,True,True,9,11,2022,Wednesday,,,,Unknown
2022-11-13,Roma,Torino,1,1,D,1.9,3.4,4.33,1.88,3.5,4.2,1.97,3.61,4.6,1.92,3.44,4.28,2.2,1.66,1.75,2.29,1.68,2.19,6,2022/2023,0,1,2.0,False,True,13,11,2022,Sunday,,,,Unknown
2023-01-04,Torino,Verona,1,1,D,1.83,3.4,4.5,1.83,3.6,4.33,1.9,3.82,4.7,1.85,3.6,4.42,2.07,1.83,1.91,2.07,1.82,2.0,2,2022/2023,1,0,2.0,False,True,4,1,2023,Wednesday,,,,Unknown
2023-01-08,Salernitana,Torino,1,1,D,3.7,3.2,2.15,3.5,3.2,2.15,3.83,3.36,2.21,3.67,3.26,2.15,2.2,1.67,1.75,2.26,1.7,2.16,6,2022/2023,0,1,2.0,False,True,8,1,2023,Sunday,,,,Unknown
2023-01-15,Torino,Spezia,0,1,A,1.62,3.8,5.5,1.63,3.9,5.5,1.7,4.05,6.0,1.65,3.88,5.56,2.07,1.83,1.87,2.09,1.81,2.03,6,2022/2023,1,0,1.0,False,True,15,1,2023,Sunday,,,,Unknown
2023-01-21,Fiorentina,Torino,0,1,A,2.1,3.3,3.6,2.05,3.4,3.6,2.21,3.5,3.8,2.13,3.35,3.61,2.2,1.67,1.74,2.28,1.68,2.2,5,2022/2023,0,1,1.0,False,True,21,1,2023,Saturday,,,,Unknown
2023-01-28,Empoli,Torino,2,2,D,3.25,3.1,2.4,3.1,3.1,2.4,3.5,3.15,2.56,3.24,3.06,2.44,2.2,1.67,1.7,2.34,1.66,2.25,5,2022/2023,9,1,4.0,False,False,28,1,2023,Saturday,,,,Unknown
2023-02-05,Torino,Udinese,1,0,H,2.25,3.25,3.3,2.25,3.2,3.3,2.39,3.3,3.55,2.32,3.18,3.34,2.2,1.67,1.78,2.25,1.7,2.18,6,2022/2023,1,16,1.0,True,True,5,2,2023,Sunday,,,,Unknown
2023-02-10,Milan,Torino,1,0,H,1.8,3.5,4.75,1.83,3.4,4.6,1.9,3.72,5.1,1.83,3.5,4.81,2.2,1.67,1.76,2.28,1.71,2.18,4,2022/2023,15,1,1.0,True,True,10,2,2023,Friday,,,,Unknown
2023-02-20,Torino,Cremonese,2,2,D,1.65,3.8,5.25,1.66,3.75,5.25,1.7,3.86,6.0,1.67,3.76,5.47,2.1,1.73,1.8,2.19,1.74,2.12,0,2022/2023,1,19,4.0,False,False,20,2,2023,Monday,,,,Unknown
2023-02-28,Juventus,Torino,4,2,H,1.73,3.4,5.5,1.77,3.3,5.25,1.83,3.52,5.5,1.78,3.43,5.28,2.5,1.53,1.62,2.58,1.55,2.49,1,2022/2023,6,1,6.0,True,False,28,2,2023,Tuesday,,,,Unknown
2023-03-06,Torino,Bologna,1,0,H,2.4,2.9,3.4,2.25,3.0,3.4,2.45,3.1,3.66,2.37,3.01,3.41,2.38,1.57,1.62,2.5,1.57,2.4,0,2022/2023,1,7,1.0,True,True,6,3,2023,Monday,,,,Unknown
2023-03-19,Torino,Napoli,0,4,A,4.33,3.6,1.75,4.75,3.5,1.78,5.2,3.74,1.82,4.89,3.54,1.79,2.2,1.67,1.73,2.33,1.66,2.24,6,2022/2023,1,6,4.0,True,False,19,3,2023,Sunday,,,,Unknown
2023-04-03,Sassuolo,Torino,1,1,D,2.4,3.3,3.0,2.45,3.2,2.95,2.54,3.46,3.05,2.46,3.27,2.99,2.1,1.73,1.81,2.17,1.75,2.1,0,2022/2023,6,1,2.0,False,True,3,4,2023,Monday,,,,Unknown
2023-04-08,Torino,Roma,0,1,A,3.4,3.0,2.38,3.4,3.0,2.35,3.5,3.1,2.44,3.38,3.02,2.39,2.75,1.44,1.51,2.75,1.47,2.67,5,2022/2023,1,12,1.0,True,True,8,4,2023,Saturday,,,,Unknown
2023-04-16,Torino,Salernitana,1,1,D,1.73,3.5,5.25,1.72,3.5,5.25,1.78,3.75,5.7,1.74,3.56,5.28,2.2,1.67,1.71,2.32,1.65,2.25,6,2022/2023,1,14,2.0,False,True,16,4,2023,Sunday,,,,Unknown
2023-04-22,Lazio,Torino,0,1,A,1.83,3.4,4.75,1.83,3.3,4.6,1.91,3.45,5.25,1.85,3.33,4.88,2.63,1.5,1.56,2.66,1.51,2.56,5,2022/2023,10,1,1.0,False,True,22,4,2023,Saturday,,,,Unknown
2023-04-29,Torino,Atalanta,1,2,A,2.88,3.3,2.45,2.9,3.3,2.45,3.03,3.4,2.55,2.95,3.3,2.48,2.0,1.8,1.82,2.14,1.77,2.07,5,2022/2023,1,4,3.0,True,False,29,4,2023,Saturday,,,,Unknown
2023-05-03,Sampdoria,Torino,0,2,A,4.2,3.4,1.91,4.1,3.4,1.93,4.75,3.55,1.98,4.38,3.43,1.91,2.2,1.67,1.71,2.32,1.66,2.24,2,2022/2023,19,1,2.0,True,True,3,5,2023,Wednesday,,,,Unknown
2023-05-07,Torino,Monza,1,1,D,2.0,3.3,4.0,1.98,3.4,3.8,2.05,3.41,4.4,1.99,3.33,4.11,2.3,1.62,1.65,2.45,1.6,2.34,6,2022/2023,1,17,2.0,False,True,7,5,2023,Sunday,,,,Unknown
2023-05-14,Verona,Torino,0,1,A,2.4,3.1,3.2,2.35,3.0,3.25,2.45,3.17,3.4,2.39,3.08,3.3,2.63,1.5,1.56,2.63,1.52,2.54,6,2022/2023,14,1,1.0,False,True,14,5,2023,Sunday,,,,Unknown
2023-05-21,Torino,Fiorentina,1,1,D,1.95,3.4,4.2,2.0,3.3,3.9,2.05,3.56,4.2,2.01,3.4,3.98,2.2,1.67,1.74,2.27,1.69,2.2,6,2022/2023,1,17,2.0,False,True,21,5,2023,Sunday,,,,Unknown
2023-05-27,Spezia,Torino,0,4,A,2.38,3.25,3.1,2.37,3.25,3.0,2.48,3.38,3.25,2.4,3.24,3.11,2.2,1.67,1.73,2.32,1.67,2.23,5,2022/2023,8,1,4.0,False,False,27,5,2023,Saturday,,,,Unknown
2023-06-03,Torino,Inter,0,1,A,2.3,3.5,3.0,2.3,3.3,3.0,2.43,3.58,3.15,2.36,3.38,3.06,2.05,1.88,1.93,2.05,1.86,1.97,5,2022/2023,1,6,1.0,False,True,3,6,2023,Saturday,,,,Unknown
2023-08-21,Torino,Cagliari,0,0,D,1.67,3.75,5.25,1.68,3.7,5.25,1.74,4.0,5.8,1.68,3.73,5.47,2.1,1.73,1.77,2.23,1.7,2.16,0,2023/2024,0,0,0.0,False,True,21,8,2023,Monday,,,,Unknown
2023-08-26,Milan,Torino,4,1,H,1.65,3.8,5.0,,,,1.74,4.0,6.0,1.66,3.8,5.63,2.2,1.67,1.78,2.3,1.7,2.19,5,2023/2024,0,1,5.0,True,False,26,8,2023,Saturday,,,,Unknown
2023-09-03,Torino,Genoa,1,0,H,2.0,3.3,4.0,2.05,3.2,3.9,2.1,3.47,4.1,2.05,3.26,3.96,2.38,1.57,1.65,2.48,1.59,2.39,6,2023/2024,3,0,1.0,True,True,3,9,2023,Sunday,,,,Unknown
2023-09-18,Salernitana,Torino,0,3,A,3.6,3.25,2.2,3.4,3.25,2.2,3.77,3.44,2.29,3.51,3.23,2.21,2.2,1.67,1.73,2.38,1.66,2.24,0,2023/2024,0,2,3.0,True,False,18,9,2023,Monday,,,,Unknown
2023-09-24,Torino,Roma,1,1,D,3.1,2.9,2.6,3.0,3.0,2.5,3.22,3.23,2.62,3.07,3.05,2.55,2.63,1.5,1.56,2.77,1.51,2.62,6,2023/2024,1,0,2.0,False,True,24,9,2023,Sunday,,,,Unknown
2023-09-27,Lazio,Torino,2,0,H,2.15,3.25,3.5,2.1,3.3,3.6,2.22,3.5,3.75,2.15,3.32,3.61,2.2,1.67,1.75,2.31,1.69,2.21,2,2023/2024,0,1,2.0,True,True,27,9,2023,Wednesday,,,,Unknown
2023-10-02,Torino,Verona,0,0,D,1.85,3.5,4.33,1.93,3.3,4.2,1.99,3.58,4.9,1.89,3.4,4.47,2.3,1.6,1.66,2.46,1.61,2.33,0,2023/2024,1,0,0.0,False,True,2,10,2023,Monday,,,,Unknown
2023-10-07,Juventus,Torino,2,0,H,1.91,3.3,4.33,1.93,3.2,4.33,1.98,3.6,4.75,1.93,3.35,4.46,2.35,1.57,1.68,2.43,1.6,2.36,5,2023/2024,0,1,2.0,True,True,7,10,2023,Saturday,,,,Unknown
2023-10-21,Torino,Inter,0,3,A,5.5,3.6,1.7,4.75,3.6,1.75,5.5,3.83,1.79,5.11,3.7,1.74,2.06,1.84,1.87,2.1,1.82,2.02,5,2023/2024,1,0,3.0,True,False,21,10,2023,Saturday,,,,Unknown
2023-11-06,Torino,Sassuolo,2,1,H,2.15,3.4,3.4,2.05,3.5,3.5,2.21,3.6,3.6,2.15,3.44,3.45,2.0,1.9,1.91,2.0,1.87,1.94,0,2023/2024,1,0,3.0,True,False,6,11,2023,Monday,,,,Unknown
2023-11-11,Monza,Torino,1,1,D,2.5,3.1,3.0,2.45,3.1,3.0,2.55,3.28,3.2,2.48,3.16,3.07,2.25,1.62,1.68,2.36,1.64,2.28,5,2023/2024,0,1,2.0,False,True,11,11,2023,Saturday,,,,Unknown
2023-11-27,Bologna,Torino,2,0,H,2.3,3.25,3.2,2.25,3.2,3.3,2.42,3.33,3.45,2.34,3.18,3.31,2.3,1.6,1.64,2.48,1.59,2.38,0,2023/2024,0,1,2.0,True,True,27,11,2023,Monday,,,,Unknown
2023-12-04,Torino,Atalanta,3,0,H,2.9,3.2,2.45,2.95,3.2,2.45,3.2,3.39,2.53,3.03,3.2,2.49,2.2,1.65,1.72,2.35,1.67,2.24,0,2023/2024,1,0,3.0,False,False,4,12,2023,Monday,,,,Unknown
2023-12-10,Frosinone,Torino,0,0,D,3.4,3.2,2.25,3.2,3.25,2.25,3.55,3.48,2.31,3.37,3.28,2.24,2.15,1.67,1.78,2.21,1.73,2.14,6,2023/2024,0,1,0.0,False,True,10,12,2023,Sunday,,,,Unknown
2023-12-16,Torino,Empoli,1,0,H,1.6,3.8,6.0,1.6,3.9,5.75,1.66,4.11,6.5,1.61,3.94,5.97,2.05,1.85,1.9,2.05,1.84,1.98,5,2023/2024,1,0,1.0,True,True,16,12,2023,Saturday,,,,Unknown
2023-12-23,Torino,Udinese,1,1,D,1.75,3.5,5.0,1.8,3.4,4.75,1.85,3.64,5.5,1.78,3.52,5.01,2.25,1.62,1.71,2.33,1.65,2.24,5,2023/2024,1,0,2.0,False,True,23,12,2023,Saturday,,,,Unknown
2023-12-29,Fiorentina,Torino,1,0,H,2.1,3.2,3.6,2.2,3.1,3.6,2.25,3.39,3.8,2.19,3.2,3.65,2.35,1.57,1.65,2.49,1.59,2.37,4,2023/2024,0,1,1.0,True,True,29,12,2023,Friday,,,,Unknown
2024-01-07,Torino,Napoli,3,0,H,2.9,3.2,2.5,2.9,3.2,2.45,3.05,3.41,2.62,2.96,3.23,2.51,2.2,1.65,1.75,2.29,1.69,2.19,6,2023/2024,1,0,3.0,False,False,7,1,2024,Sunday,,,,Unknown
2024-01-13,Genoa,Torino,0,0,D,2.9,3.0,2.63,2.9,2.95,2.65,3.1,3.11,2.76,2.94,2.97,2.69,2.7,1.44,1.5,2.82,1.47,2.69,5,2023/2024,18,1,0.0,False,True,13,1,2024,Saturday,,,,Unknown
2024-01-26,Cagliari,Torino,1,2,A,3.5,3.2,2.2,3.5,3.1,2.2,3.75,3.25,2.32,3.56,3.17,2.23,2.4,1.53,1.64,2.56,1.58,2.42,4,2023/2024,7,1,3.0,True,False,26,1,2024,Friday,,,,Unknown
2024-02-04,Torino,Salernitana,0,0,D,1.5,4.0,7.5,1.47,4.1,7.5,1.55,4.33,7.8,1.5,4.12,7.28,2.15,1.67,1.75,2.25,1.7,2.15,6,2023/2024,1,20,0.0,False,True,4,2,2024,Sunday,,,,Unknown
2024-02-10,Sassuolo,Torino,1,1,D,3.4,3.3,2.2,3.25,3.3,2.2,3.5,3.52,2.29,3.33,3.35,2.25,2.05,1.75,1.82,2.16,1.78,2.05,5,2023/2024,17,1,2.0,False,True,10,2,2024,Saturday,,,,Unknown
2024-02-22,Torino,Lazio,0,2,A,2.4,2.9,3.25,2.45,2.95,3.2,2.55,3.1,3.41,2.47,2.94,3.29,2.7,1.44,1.5,2.79,1.47,2.67,3,2023/2024,1,3,2.0,False,True,22,2,2024,Thursday,,,,Unknown
2024-02-26,Roma,Torino,3,2,H,1.91,3.25,4.5,1.93,3.25,4.2,1.99,3.48,4.5,1.94,3.31,4.33,2.4,1.53,1.64,2.48,1.58,2.39,0,2023/2024,9,1,5.0,True,False,26,2,2024,Monday,,,,Unknown
2024-03-02,Torino,Fiorentina,0,0,D,2.63,3.0,2.9,2.55,3.1,2.87,2.79,3.27,3.05,2.67,3.07,2.89,2.4,1.53,1.63,2.5,1.58,2.42,5,2023/2024,1,7,0.0,False,True,2,3,2024,Saturday,,,,Unknown
2024-03-08,Napoli,Torino,1,1,D,1.75,3.6,5.0,1.77,3.5,4.8,1.92,3.75,5.5,1.77,3.57,5.03,2.2,1.65,1.74,2.33,1.68,2.23,4,2023/2024,19,1,2.0,False,True,8,3,2024,Friday,,,,Unknown
2024-03-16,Udinese,Torino,0,2,A,2.8,2.9,2.8,2.75,3.0,2.75,2.95,3.04,2.88,2.87,2.95,2.8,2.6,1.48,1.54,2.7,1.5,2.6,5,2023/2024,13,1,2.0,True,True,16,3,2024,Saturday,,,,Unknown
2024-03-30,Torino,Monza,1,0,H,1.83,3.4,4.75,1.85,3.4,4.5,1.93,3.63,5.0,1.85,3.46,4.66,2.3,1.6,1.69,2.37,1.63,2.3,5,2023/2024,1,11,1.0,True,True,30,3,2024,Saturday,,,,Unknown
2024-04-06,Empoli,Torino,3,2,H,3.5,3.2,2.25,3.5,3.1,2.25,3.7,3.32,2.32,3.51,3.14,2.27,2.5,1.5,1.59,2.62,1.54,2.5,5,2023/2024,18,1,5.0,False,False,6,4,2024,Saturday,,,,Unknown
2024-04-13,Torino,Juventus,0,0,D,3.75,3.0,2.2,3.7,3.1,2.15,3.92,3.19,2.25,3.75,3.06,2.21,2.63,1.5,1.53,2.72,1.5,2.59,5,2023/2024,1,4,0.0,False,True,13,4,2024,Saturday,,,,Unknown
2024-04-21,Torino,Frosinone,0,0,D,1.67,3.8,5.25,1.72,3.75,4.8,1.73,4.04,5.5,1.69,3.86,5.11,2.0,1.9,1.94,2.01,1.88,1.94,6,2023/2024,1,12,0.0,False,True,21,4,2024,Sunday,,,,Unknown
2024-04-28,Inter,Torino,2,0,H,1.53,3.8,7.0,1.5,4.2,6.75,1.58,4.3,7.5,1.53,4.07,6.8,2.0,1.8,1.87,2.12,1.81,2.03,6,2023/2024,5,1,2.0,True,True,28,4,2024,Sunday,,,,Unknown
2024-05-03,Torino,Bologna,0,0,D,2.88,2.8,2.88,2.85,2.9,2.75,2.94,3.05,2.91,2.85,2.95,2.84,2.75,1.44,1.5,2.83,1.47,2.69,4,2023/2024,1,6,0.0,False,True,3,5,2024,Friday,,,,Unknown
2024-05-12,Verona,Torino,1,2,A,3.0,3.0,2.55,2.9,3.0,2.6,3.15,3.16,2.64,3.03,3.02,2.59,2.5,1.53,1.61,2.55,1.56,2.45,6,2023/2024,10,1,3.0,True,False,12,5,2024,Sunday,,,,Unknown
2024-05-18,Torino,Milan,3,1,H,2.8,3.2,2.6,2.8,3.2,2.55,2.88,3.35,2.72,2.81,3.25,2.63,2.1,1.73,1.79,2.2,1.73,2.14,5,2023/2024,1,3,4.0,False,False,18,5,2024,Saturday,,,,Unknown
2024-05-26,Atalanta,Torino,3,0,H,3.3,3.5,2.1,3.25,3.4,2.15,3.62,3.66,2.25,3.42,3.46,2.14,1.95,1.95,1.99,1.97,1.9,1.92,6,2023/2024,20,1,3.0,False,False,26,5,2024,Sunday,,,,Unknown
2024-08-17,Milan,Torino,2,2,D,1.62,3.8,5.75,1.68,3.75,5.0,1.68,4.19,5.9,1.64,3.97,5.51,1.95,1.95,1.98,1.99,1.91,1.92,5,2024/2025,0,0,4.0,False,False,17,8,2024,Saturday,,,,Unknown
2024-08-25,Torino,Atalanta,2,1,H,3.2,3.1,2.38,3.1,3.2,2.37,3.36,3.37,2.46,3.17,3.23,2.37,2.1,1.73,1.83,2.19,1.77,2.08,6,2024/2025,1,0,3.0,False,False,25,8,2024,Sunday,,,,Unknown
2024-08-30,Venezia,Torino,0,1,A,3.4,3.3,2.2,3.4,3.25,2.15,3.68,3.4,2.24,3.52,3.28,2.2,2.15,1.67,1.74,2.31,1.69,2.19,4,2024/2025,0,1,1.0,True,True,30,8,2024,Friday,,,,Unknown
2024-09-20,Verona,Torino,2,3,A,2.7,3.0,2.8,2.75,2.95,2.8,3.0,3.11,2.92,2.8,3.01,2.84,2.63,1.5,1.56,2.66,1.52,2.57,4,2024/2025,0,1,5.0,False,False,20,9,2024,Friday,,,,Unknown
2024-09-29,Torino,Lazio,2,3,A,2.9,3.1,2.55,2.85,3.2,2.55,2.98,3.4,2.65,2.9,3.21,2.58,2.2,1.67,1.74,2.35,1.68,2.22,6,2024/2025,1,0,5.0,True,False,29,9,2024,Sunday,,,,Unknown
2024-10-05,Inter,Torino,3,2,H,1.3,5.0,11.0,1.35,5.0,8.75,1.35,5.77,11.0,1.32,5.42,9.86,1.67,2.2,2.27,1.74,2.21,1.69,5,2024/2025,0,1,5.0,True,True,5,10,2024,Saturday,,,,Unknown
2024-10-20,Cagliari,Torino,3,2,H,2.8,3.1,2.7,2.75,3.25,2.6,2.89,3.33,2.73,2.8,3.19,2.66,2.1,1.73,1.79,2.19,1.74,2.12,6,2024/2025,0,1,5.0,False,False,20,10,2024,Sunday,,,,Unknown
2024-10-25,Torino,Como,1,0,H,2.63,3.0,2.9,2.6,3.0,2.87,2.8,3.15,3.02,2.7,3.03,2.93,2.2,1.67,1.71,2.33,1.67,2.25,4,2024/2025,1,0,1.0,True,True,25,10,2024,Friday,,,,Unknown
2024-10-31,Roma,Torino,1,0,H,1.7,3.8,5.0,1.72,3.75,4.75,1.75,4.02,5.4,1.7,3.85,5.0,1.99,1.91,1.96,2.02,1.88,1.95,3,2024/2025,0,1,1.0,True,True,31,10,2024,Thursday,,,,Unknown
2024-11-03,Torino,Fiorentina,0,1,A,3.2,3.3,2.25,3.2,3.3,2.25,3.4,3.41,2.36,3.27,3.25,2.3,2.1,1.73,1.81,2.17,1.75,2.1,6,2024/2025,1,0,1.0,True,True,3,11,2024,Sunday,,,,Unknown
2024-11-09,Juventus,Torino,2,0,H,1.57,3.8,6.5,1.58,3.8,6.25,1.62,4.04,7.0,1.58,3.89,6.5,2.2,1.67,1.73,2.33,1.67,2.24,5,2024/2025,0,1,2.0,True,True,9,11,2024,Saturday,,,,Unknown
2024-11-24,Torino,Monza,1,1,D,2.0,3.0,4.33,2.0,3.1,4.2,2.13,3.19,4.51,2.06,3.03,4.3,2.75,1.44,1.5,2.85,1.46,2.71,6,2024/2025,1,0,2.0,False,True,24,11,2024,Sunday,,,,Unknown
2024-12-01,Torino,Napoli,0,1,A,5.0,3.4,1.8,4.75,3.3,1.83,5.5,3.64,1.84,4.91,3.45,1.8,2.3,1.62,1.66,2.45,1.61,2.34,6,2024/2025,1,0,1.0,True,True,1,12,2024,Sunday,,,,Unknown
2024-12-07,Genoa,Torino,0,0,D,2.5,3.1,3.0,2.45,3.1,3.1,2.55,3.13,3.26,2.49,3.07,3.13,2.5,1.53,1.6,2.51,1.56,2.45,5,2024/2025,0,1,0.0,False,True,7,12,2024,Saturday,,,,Unknown
2024-12-13,Empoli,Torino,0,1,A,2.7,2.88,3.0,2.7,2.8,3.0,2.8,3.01,3.17,2.7,2.86,3.06,3.0,1.4,1.46,3.04,1.41,2.86,4,2024/2025,0,1,1.0,False,True,13,12,2024,Friday,,,,Unknown
2024-12-21,Torino,Bologna,0,2,A,3.3,2.9,2.45,3.2,2.87,2.5,3.46,3.03,2.53,3.32,2.9,2.48,2.63,1.5,1.52,2.8,1.49,2.61,5,2024/2025,1,0,2.0,True,True,21,12,2024,Saturday,,,,Unknown
2024-12-29,Udinese,Torino,2,2,D,2.25,3.1,3.5,2.2,3.1,3.5,2.28,3.31,3.65,2.23,3.12,3.52,2.5,1.53,1.59,2.58,1.54,2.47,6,2024/2025,0,1,4.0,False,False,29,12,2024,Sunday,,,,Unknown
2025-01-05,Torino,Parma,0,0,D,1.85,3.4,4.5,1.9,3.5,4.1,1.95,3.62,4.6,1.88,3.5,4.25,2.01,1.89,1.92,2.02,1.84,1.96,6,2024/2025,1,0,0.0,False,True,5,1,2025,Sunday,,,,Unknown
2025-01-11,Torino,Juventus,1,1,D,5.0,3.2,1.8,4.75,3.25,1.85,5.1,3.44,1.94,4.8,3.23,1.87,2.63,1.5,1.53,2.63,1.51,2.53,5,2024/2025,1,7,2.0,False,True,11,1,2025,Saturday,,,,Unknown
2025-01-19,Fiorentina,Torino,1,1,D,1.73,3.4,5.5,1.73,3.5,5.25,1.78,3.64,5.61,1.74,3.46,5.34,2.2,1.67,1.73,2.3,1.67,2.2,6,2024/2025,6,1,2.0,False,True,19,1,2025,Sunday,,,,Unknown
2025-01-24,Torino,Cagliari,2,0,H,2.2,3.2,3.6,2.25,3.1,3.4,2.34,3.25,3.73,2.25,3.13,3.53,2.3,1.62,1.69,2.37,1.63,2.29,4,2024/2025,1,4,2.0,True,True,24,1,2025,Friday,,,,Unknown
2025-02-01,Atalanta,Torino,1,1,D,1.42,4.5,7.5,1.41,4.6,8.0,1.47,4.75,8.5,1.43,4.51,7.73,1.95,1.95,1.98,1.96,1.92,1.9,5,2024/2025,20,1,2.0,False,False,1,2,2025,Saturday,,,,Unknown
2025-02-08,Torino,Genoa,1,1,D,2.2,3.1,3.6,2.15,3.0,3.75,2.35,3.16,3.8,2.27,3.0,3.66,2.63,1.5,1.52,2.72,1.48,2.61,5,2024/2025,1,13,2.0,False,True,8,2,2025,Saturday,,,,Unknown
2025-02-14,Bologna,Torino,3,2,H,1.8,3.4,5.0,,,,1.84,3.47,5.6,1.8,3.37,5.25,2.5,1.53,1.6,2.58,1.55,2.49,4,2024/2025,9,1,5.0,True,False,14,2,2025,Friday,,,,Unknown
2025-02-22,Torino,Milan,2,1,H,3.9,3.3,2.0,,,,4.1,3.62,2.06,3.86,3.39,2.03,2.1,1.73,1.81,2.19,1.75,2.11,5,2024/2025,1,10,3.0,False,False,22,2,2025,Saturday,,,,Unknown
2025-03-02,Monza,Torino,0,2,A,4.1,3.3,1.95,,,,4.4,3.52,2.02,4.06,3.33,1.98,2.3,1.62,1.67,2.43,1.62,2.33,6,2024/2025,13,1,2.0,True,True,2,3,2025,Sunday,,,,Unknown
2025-03-08,Parma,Torino,2,2,D,3.0,3.25,2.4,,,,3.19,3.31,2.48,3.07,3.23,2.43,2.1,1.73,1.8,2.18,1.74,2.12,5,2024/2025,15,1,4.0,False,False,8,3,2025,Saturday,,,,Unknown
2025-03-15,Torino,Empoli,1,0,H,1.8,3.3,5.0,,,,1.89,3.5,5.0,1.84,3.38,4.77,2.3,1.62,1.69,2.36,1.62,2.29,5,2024/2025,1,17,1.0,True,True,15,3,2025,Saturday,,,,Unknown
2025-03-31,Lazio,Torino,1,1,D,1.75,3.3,5.25,,,,1.82,3.75,5.5,1.76,3.56,4.94,2.08,1.82,1.85,2.11,1.8,2.02,0,2024/2025,2,1,2.0,False,True,31,3,2025,Monday,,,,Unknown
2025-04-06,Torino,Verona,1,1,D,1.8,3.2,5.25,,,,1.87,3.5,5.35,1.81,3.35,4.96,2.38,1.57,1.65,2.44,1.59,2.35,6,2024/2025,1,19,2.0,False,True,6,4,2025,Sunday,,,,Unknown
2025-04-13,Como,Torino,1,0,H,1.91,3.5,4.1,,,,1.97,3.66,4.34,1.92,3.46,4.12,2.1,1.73,1.78,2.21,1.72,2.12,6,2024/2025,19,1,1.0,True,True,13,4,2025,Sunday,,,,Unknown
2025-04-23,Torino,Udinese,2,0,H,2.4,2.9,3.3,,,,2.52,3.13,3.49,2.42,3.01,3.26,2.5,1.53,1.6,2.56,1.54,2.47,2,2024/2025,1,15,2.0,True,True,23,4,2025,Wednesday,,,,Unknown
2025-04-27,Napoli,Torino,2,0,H,1.42,4.33,8.0,,,,1.46,4.64,9.0,1.42,4.43,8.17,2.07,1.83,1.87,2.08,1.81,2.01,6,2024/2025,9,1,2.0,True,True,27,4,2025,Sunday,,,,Unknown
2025-05-02,Torino,Venezia,1,1,D,2.5,2.88,3.25,,,,2.56,3.04,3.4,2.48,2.96,3.28,2.32,1.53,1.62,2.51,1.57,2.42,4,2024/2025,1,20,2.0,False,True,2,5,2025,Friday,,,,Unknown
2025-05-11,Torino,Inter,0,2,A,5.75,4.0,1.57,,,,6.5,4.33,1.61,5.93,4.1,1.56,1.99,1.91,1.93,2.01,1.87,1.95,6,2024/2025,1,6,2.0,True,True,11,5,2025,Sunday,,,,Unknown
